Title,Number
ตรวจสลากกินแบ่งรัฐบาล ตรวจหวย 1 กุมภาพันธ์ 2567,xx
ตรวจสลากกินแบ่งรัฐบาล ตรวจหวย 17 มกราคม 2567,61
ตรวจสลากกินแบ่งรัฐบาล ตรวจหวย 30 ธันวาคม 2566,89
ตรวจสลากกินแบ่งรัฐบาล ตรวจหวย 16 ธันวาคม 2566,85
ตรวจสลากกินแบ่งรัฐบาล ตรวจหวย 1 ธันวาคม 2566,91
ตรวจสลากกินแบ่งรัฐบาล ตรวจหวย 16 พฤศจิกายน 2566,14
ตรวจสลากกินแบ่งรัฐบาล ตรวจหวย 1 พฤศจิกายน 2566,63
ตรวจสลากกินแบ่งรัฐบาล ตรวจหวย 16 ตุลาคม 2566,44
ตรวจสลากกินแบ่งรัฐบาล ตรวจหวย 1 ตุลาคม 2566,66
ตรวจสลากกินแบ่งรัฐบาล ตรวจหวย 16 กันยายน 2566,46
ตรวจสลากกินแบ่งรัฐบาล ตรวจหวย 1 กันยายน 2566,91
ตรวจสลากกินแบ่งรัฐบาล ตรวจหวย 16 สิงหาคม 2566,67
ตรวจสลากกินแบ่งรัฐบาล ตรวจหวย 31 กรกฎาคม 2566,11
ตรวจสลากกินแบ่งรัฐบาล ตรวจหวย 16 กรกฎาคม 2566,62
ตรวจสลากกินแบ่งรัฐบาล ตรวจหวย 1 กรกฎาคม 2566,16
ตรวจสลากกินแบ่งรัฐบาล ตรวจหวย 16 มิถุนายน 2566,30
ตรวจสลากกินแบ่งรัฐบาล ตรวจหวย 1 มิถุนายน 2566,09
ตรวจสลากกินแบ่งรัฐบาล ตรวจหวย 16 พฤษภาคม 2566,99
ตรวจสลากกินแบ่งรัฐบาล ตรวจหวย 2 พฤษภาคม 2566,65
ตรวจสลากกินแบ่งรัฐบาล ตรวจหวย 16 เมษายน 2566,71
ตรวจสลากกินแบ่งรัฐบาล ตรวจหวย 1 เมษายน 2566,99
ตรวจสลากกินแบ่งรัฐบาล ตรวจหวย 16 มีนาคม 2566,73
ตรวจสลากกินแบ่งรัฐบาล ตรวจหวย 1 มีนาคม 2566,55
ตรวจสลากกินแบ่งรัฐบาล ตรวจหวย 16 กุมภาพันธ์ 2566,80
ตรวจสลากกินแบ่งรัฐบาล ตรวจหวย 1 กุมภาพันธ์ 2566,92
ตรวจสลากกินแบ่งรัฐบาล ตรวจหวย 17 มกราคม 2566,47
ตรวจสลากกินแบ่งรัฐบาล ตรวจหวย 30 ธันวาคม 2565,58
ตรวจสลากกินแบ่งรัฐบาล ตรวจหวย 16 ธันวาคม 2565,14
ตรวจสลากกินแบ่งรัฐบาล ตรวจหวย 1 ธันวาคม 2565,08
ตรวจสลากกินแบ่งรัฐบาล ตรวจหวย 16 พฤศจิกายน 2565,64
ตรวจสลากกินแบ่งรัฐบาล ตรวจหวย 1 พฤศจิกายน 2565,70
ตรวจสลากกินแบ่งรัฐบาล ตรวจหวย 16 ตุลาคม 2565,15
ตรวจสลากกินแบ่งรัฐบาล ตรวจหวย 1 ตุลาคม 2565,50
ตรวจสลากกินแบ่งรัฐบาล ตรวจหวย 16 กันยายน 2565,75
ตรวจสลากกินแบ่งรัฐบาล ตรวจหวย 1 กันยายน 2565,83
ตรวจสลากกินแบ่งรัฐบาล ตรวจหวย 16 สิงหาคม 2565,42
ตรวจสลากกินแบ่งรัฐบาล ตรวจหวย 1 สิงหาคม 2565,14
ตรวจสลากกินแบ่งรัฐบาล ตรวจหวย 16 กรกฎาคม 2565,53
ตรวจสลากกินแบ่งรัฐบาล ตรวจหวย 1 กรกฎาคม 2565,61
ตรวจสลากกินแบ่งรัฐบาล ตรวจหวย 16 มิถุนายน 2565,92
ตรวจสลากกินแบ่งรัฐบาล ตรวจหวย 1 มิถุนายน 2565,02
ตรวจสลากกินแบ่งรัฐบาล ตรวจหวย 16 พฤษภาคม 2565,06
ตรวจสลากกินแบ่งรัฐบาล ตรวจหวย 2 พฤษภาคม 2565,09
ตรวจสลากกินแบ่งรัฐบาล ตรวจหวย 16 เมษายน 2565,58
ตรวจสลากกินแบ่งรัฐบาล ตรวจหวย 1 เมษายน 2565,10
ตรวจสลากกินแบ่งรัฐบาล ตรวจหวย 16 มีนาคม 2565,03
ตรวจสลากกินแบ่งรัฐบาล ตรวจหวย 1 มีนาคม 2565,07
ตรวจสลากกินแบ่งรัฐบาล ตรวจหวย 17 กุมภาพันธ์ 2565,57
ตรวจสลากกินแบ่งรัฐบาล ตรวจหวย 1 กุมภาพันธ์ 2565,30
ตรวจสลากกินแบ่งรัฐบาล ตรวจหวย 17 มกราคม 2565,92
ตรวจสลากกินแบ่งรัฐบาล ตรวจหวย 30 ธันวาคม 2564,36
ตรวจสลากกินแบ่งรัฐบาล ตรวจหวย 16 ธันวาคม 2564,83
ตรวจสลากกินแบ่งรัฐบาล ตรวจหวย 1 ธันวาคม 2564,82
ตรวจสลากกินแบ่งรัฐบาล ตรวจหวย 16 พฤศจิกายน 2564,57
ตรวจสลากกินแบ่งรัฐบาล ตรวจหวย 1 พฤศจิกายน 2564,95
ตรวจสลากกินแบ่งรัฐบาล ตรวจหวย 16 ตุลาคม 2564,38
ตรวจสลากกินแบ่งรัฐบาล ตรวจหวย 1 ตุลาคม 2564,83
ตรวจสลากกินแบ่งรัฐบาล ตรวจหวย 16 กันยายน 2564,90
ตรวจสลากกินแบ่งรัฐบาล ตรวจหวย 1 กันยายน 2564,79
ตรวจสลากกินแบ่งรัฐบาล ตรวจหวย 16 สิงหาคม 2564,23
ตรวจสลากกินแบ่งรัฐบาล ตรวจหวย 1 สิงหาคม 2564,69
ตรวจสลากกินแบ่งรัฐบาล ตรวจหวย 16 กรกฎาคม 2564,70
ตรวจสลากกินแบ่งรัฐบาล ตรวจหวย 1 กรกฎาคม 2564,29
ตรวจสลากกินแบ่งรัฐบาล ตรวจหวย 16 มิถุนายน 2564,17
ตรวจสลากกินแบ่งรัฐบาล ตรวจหวย 1 มิถุนายน 2564,45
ตรวจสลากกินแบ่งรัฐบาล ตรวจหวย 16 พฤษภาคม 2564,14
ตรวจสลากกินแบ่งรัฐบาล ตรวจหวย 2 พฤษภาคม 2564,18
ตรวจสลากกินแบ่งรัฐบาล ตรวจหวย 16 เมษายน 2564,56
ตรวจสลากกินแบ่งรัฐบาล ตรวจหวย 1 เมษายน 2564,05
ตรวจสลากกินแบ่งรัฐบาล ตรวจหวย 16 มีนาคม 2564,19
ตรวจสลากกินแบ่งรัฐบาล ตรวจหวย 1 มีนาคม 2564,73
ตรวจสลากกินแบ่งรัฐบาล ตรวจหวย 16 กุมภาพันธ์ 2564,39
ตรวจสลากกินแบ่งรัฐบาล ตรวจหวย 1 กุมภาพันธ์ 2564,97
ตรวจสลากกินแบ่งรัฐบาล ตรวจหวย 17 มกราคม 2564,15
ตรวจสลากกินแบ่งรัฐบาล ตรวจหวย 30 ธันวาคม 2563,19
ตรวจสลากกินแบ่งรัฐบาล ตรวจหวย 16 ธันวาคม 2563,70
ตรวจสลากกินแบ่งรัฐบาล ตรวจหวย 1 ธันวาคม 2563,84
ตรวจสลากกินแบ่งรัฐบาล ตรวจหวย 16 พฤศจิกายน 2563,46
ตรวจสลากกินแบ่งรัฐบาล ตรวจหวย 1 พฤศจิกายน 2563,40
ตรวจสลากกินแบ่งรัฐบาล ตรวจหวย 16 ตุลาคม 2563,38
ตรวจสลากกินแบ่งรัฐบาล ตรวจหวย 1 ตุลาคม 2563,59
ตรวจสลากกินแบ่งรัฐบาล ตรวจหวย 16 กันยายน 2563,57
ตรวจสลากกินแบ่งรัฐบาล ตรวจหวย 1 กันยายน 2563,98
ตรวจสลากกินแบ่งรัฐบาล ตรวจหวย 16 สิงหาคม 2563,88
ตรวจสลากกินแบ่งรัฐบาล ตรวจหวย 1 สิงหาคม 2563,92
ตรวจสลากกินแบ่งรัฐบาล ตรวจหวย 16 กรกฎาคม 2563,53
ตรวจสลากกินแบ่งรัฐบาล ตรวจหวย 1 กรกฎาคม 2563,83
ตรวจสลากกินแบ่งรัฐบาล ตรวจหวย 16 มิถุนายน 2563,64
ตรวจสลากกินแบ่งรัฐบาล ตรวจหวย 1 มิถุนายน 2563,24
ตรวจสลากกินแบ่งรัฐบาล ตรวจหวย 16 พฤษภาคม 2563,22
ตรวจสลากกินแบ่งรัฐบาล ตรวจหวย 1 เมษายน 2563,22
ตรวจสลากกินแบ่งรัฐบาล ตรวจหวย 16 มีนาคม 2563,77
ตรวจสลากกินแบ่งรัฐบาล ตรวจหวย 1 มีนาคม 2563,98
ตรวจสลากกินแบ่งรัฐบาล ตรวจหวย 16 กุมภาพันธ์ 2563,94
ตรวจสลากกินแบ่งรัฐบาล ตรวจหวย 1 กุมภาพันธ์ 2563,06
ตรวจสลากกินแบ่งรัฐบาล ตรวจหวย 17 มกราคม 2563,68
ตรวจสลากกินแบ่งรัฐบาล ตรวจหวย 30 ธันวาคม 2562,81
ตรวจสลากกินแบ่งรัฐบาล ตรวจหวย 16 ธันวาคม 2562,97
ตรวจสลากกินแบ่งรัฐบาล ตรวจหวย 1 ธันวาคม 2562,81
ตรวจสลากกินแบ่งรัฐบาล ตรวจหวย 16 พฤศจิกายน 2562,32
ตรวจสลากกินแบ่งรัฐบาล ตรวจหวย 1 พฤศจิกายน 2562,79
ตรวจสลากกินแบ่งรัฐบาล ตรวจหวย 16 ตุลาคม 2562,15
ตรวจสลากกินแบ่งรัฐบาล ตรวจหวย 1 ตุลาคม 2562,59
ตรวจสลากกินแบ่งรัฐบาล ตรวจหวย 16 กันยายน 2562,85
ตรวจสลากกินแบ่งรัฐบาล ตรวจหวย 1 กันยายน 2562,20
ตรวจสลากกินแบ่งรัฐบาล ตรวจหวย 16 สิงหาคม 2562,89
ตรวจสลากกินแบ่งรัฐบาล ตรวจหวย 1 สิงหาคม 2562,58
ตรวจสลากกินแบ่งรัฐบาล ตรวจหวย 15 กรกฎาคม 2562,88
ตรวจสลากกินแบ่งรัฐบาล ตรวจหวย 1 กรกฎาคม 2562,86
ตรวจสลากกินแบ่งรัฐบาล ตรวจหวย 16 มิถุนายน 2562,29
ตรวจสลากกินแบ่งรัฐบาล ตรวจหวย 1 มิถุนายน 2562,46
ตรวจสลากกินแบ่งรัฐบาล ตรวจหวย 16 พฤษภาคม 2562,71
ตรวจสลากกินแบ่งรัฐบาล ตรวจหวย 2 พฤษภาคม 2562,25
ตรวจสลากกินแบ่งรัฐบาล ตรวจหวย 16 เมษายน 2562,23
ตรวจสลากกินแบ่งรัฐบาล ตรวจหวย 1 เมษายน 2562,52
ตรวจสลากกินแบ่งรัฐบาล ตรวจหวย 16 มีนาคม 2562,64
ตรวจสลากกินแบ่งรัฐบาล ตรวจหวย 1 มีนาคม 2562,65
ตรวจสลากกินแบ่งรัฐบาล ตรวจหวย 16 กุมภาพันธ์ 2562,56
ตรวจสลากกินแบ่งรัฐบาล ตรวจหวย 1 กุมภาพันธ์ 2562,04
ตรวจสลากกินแบ่งรัฐบาล ตรวจหวย 17 มกราคม 2562,65
ตรวจสลากกินแบ่งรัฐบาล ตรวจหวย 30 ธันวาคม 2561,02
ตรวจสลากกินแบ่งรัฐบาล ตรวจหวย 16 ธันวาคม 2561,62
ตรวจสลากกินแบ่งรัฐบาล ตรวจหวย 1 ธันวาคม 2561,67
ตรวจสลากกินแบ่งรัฐบาล ตรวจหวย 16 พฤศจิกายน 2561,16
ตรวจสลากกินแบ่งรัฐบาล ตรวจหวย 1 พฤศจิกายน 2561,58
ตรวจสลากกินแบ่งรัฐบาล ตรวจหวย 16 ตุลาคม 2561,93
ตรวจสลากกินแบ่งรัฐบาล ตรวจหวย 1 ตุลาคม 2561,99
ตรวจสลากกินแบ่งรัฐบาล ตรวจหวย 16 กันยายน 2561,79
ตรวจสลากกินแบ่งรัฐบาล ตรวจหวย 1 กันยายน 2561,26
ตรวจสลากกินแบ่งรัฐบาล ตรวจหวย 16 สิงหาคม 2561,10
ตรวจสลากกินแบ่งรัฐบาล ตรวจหวย 1 สิงหาคม 2561,78
ตรวจสลากกินแบ่งรัฐบาล ตรวจหวย 16 กรกฎาคม 2561,27
ตรวจสลากกินแบ่งรัฐบาล ตรวจหวย 1 กรกฎาคม 2561,83
ตรวจสลากกินแบ่งรัฐบาล ตรวจหวย 16 มิถุนายน 2561,46
ตรวจสลากกินแบ่งรัฐบาล ตรวจหวย 1 มิถุนายน 2561,95
ตรวจสลากกินแบ่งรัฐบาล ตรวจหวย 16 พฤษภาคม 2561,20
ตรวจสลากกินแบ่งรัฐบาล ตรวจหวย 2 พฤษภาคม 2561,85
ตรวจสลากกินแบ่งรัฐบาล ตรวจหวย 16 เมษายน 2561,60
ตรวจสลากกินแบ่งรัฐบาล ตรวจหวย 1 เมษายน 2561,85
ตรวจสลากกินแบ่งรัฐบาล ตรวจหวย 16 มีนาคม 2561,82
ตรวจสลากกินแบ่งรัฐบาล ตรวจหวย 2 มีนาคม 2561,29
